create database collegeManagement;
use collegeManagement;
create table department(deptId INT,deptname varchar(20));
insert into department values( 1,"CSE"),( 2,"IT"),( 3,"AIDS"),( 4,"MECH");
create table students(ID int,name varchar(20),year varchar(5),department varchar(30),deptId int,primary key(ID));
insert into students values (01,"sugeetha","IV","CSE",1),
(02,"sugeen","IV","CSE",1),
(03,"geetha","I","IT",2),
(04,"ALI","IV","CSE",1),
(05,"natasha","II","AIDS",3),
(06,"suresh","III","MECH",4),
(07,"Navaneetha","III","MECH",4),
(08,"sowmiya","IV","IT",2),
(09,"kaviya","IV","CSE",1),
(10,"Divya","IV","IT",2),
(11,"Kanika","I","CSE",1),
(12,"Brindha","II","AIDS",3),
(13,"rithvik","II","AIDS",3),
(14,"Vidhya","II","AIDS",3),
(15,"Sri","I","MECH",4),
  (16,"sowmika","II","AIDS",3),
  (17,"aadhi","III","CSE",1),
  (18,"arjun","I","IT",2),
  (19,"sam","II","cse",1),
  (20,"karthiga","II","MECH",4),
  (21,"riya","II","cse",1),
  (22,"vidhyut","IV","IT",2),
  (23,"aadhvik","III","AIDS",003),
  (24,"thejal","II","IT",2),
  (25,"anjana","II","MECH",4),
  (26,"sneha","IV","MECH",4),
  (27,"dhruv","II","cse",1),
  (28,"nila","II","AIDS",3),
  (29,"vijay","III","CSE",1),
  (30,"moulish","II","IT",2);
  select * from students;
  create table fees( student_id int,total_fees int,paid_amount int,status varchar(10),paid_date date,due_date date);
  insert into fees values(1, 100000,50000,"pending",'2024-05-08','2024-07-02'),
 (2, 100000,80000,"pending",'2024-05-11','2024-07-02'),
  (3, 100000,20000,"pending",'2024-04-1','2024-07-02'),
  (4, 100000,100000,"cleared",'2024-05-06','2024-07-02'),
  (5, 100000,40000,"pending",'2024-04-11','2024-07-02'),
  (6, 100000,100000,"cleared",'2024-05-16','2024-07-02'),
  (7, 100000,100000,"cleared",'2024-05-13','2024-07-02'),
  (8, 100000,80000,"pending",'2024-04-20','2024-07-02'),
  (9, 100000,60000,"pending",'2024-05-11','2024-07-02'),
  (10, 100000,90000,"pending",'2024-05-25','2024-06-30'),
  (11, 100000,100000,"cleared",'2024-05-11','2024-07-02'),
  (12, 100000,70000,"pending",'2024-05-29','2024-07-02'),
  (13, 100000,75000,"pending",'2024-06-21','2024-07-02'),
  (14, 100000,55000,"pending",'2024-05-23','2024-07-02'),
  (15, 100000,100000,"cleared",'2024-05-29','2024-07-02'),
  (16, 100000,100000,"cleared",'2024-04-27','2024-07-02'),
  (17, 100000,30000,"pending",'2024-05-17','2024-07-02'),
  (18, 100000,100000,"cleared",'2024-05-16','2024-07-02'),
  (19, 100000,100000,"cleared",'2024-05-15','2024-07-02'),
  (20, 100000,80000,"pending",'2024-05-31','2024-07-02'),
  (21, 100000,100000,"cleared",'2024-04-7','2024-07-02'),
  (22, 100000,70000,"pending",'2024-05-18','2024-07-02'),
  (23, 100000,90000,"pending",'2024-05-19','2024-07-02'),
  (24, 100000,100000,"cleared",'2024-05-25','2024-07-02'),
  (25, 100000,100000,"cleared",'2024-05-23','2024-07-02'),
  (26, 100000,50000,"pending",'2024-05-3','2024-07-02'),
  (27, 100000,90000,"pending",'2024-06-2','2024-07-02'),
  (28, 100000,70000,"pending",'2024-05-3','2024-07-02'),
  (29, 100000,55000,"pending",'2024-06-11','2024-07-02'),
  (30, 100000,80000,"pending",'2024-05-4','2024-07-02');
  select * from fees;
  create table staff (staff_id int,staff_name varchar(50),subject varchar(30),dept_id int,email varchar(50));
  insert into staff values(101,"jassenash","CN",1,"jaseenash@gmail.com"),
  (102,"Ramya","IOS",2,"ramya@gamil.com"),
  (103,"sathya","DW",1,"sathya@gmail.com"),
  (104,"Nandhini","DRRM",3,"nandhini@gmail.com"),
  (105,"Priyanka","SNM",2,"priyanka@gmail.com"),
  (106,"Prabhu","EG",4,"prabhu@gmail.com"),
  (107,"sapthgiri","UA",4,"sapthaagiri@gmail.com"),
  (108,"Kumar","physics",3,"kumar@gmail.com"),
  (109,"kavitha","Pyhton",1,"kvitha@gmail.com"),
  (110,"manimala","DM",2,"manimala@gmail.com"),
  (111,"Abirami","cryptography",3,"abirami@gmail.com");
  select * from staff; 
  create table library(student_id int,book_id int,issue_date date,return_date date,submitted varchar(05));
  insert into library values(1,145,'2024-05-23','2024-06-17',"yes"),
  (2,234,'2024-05-27','2024-06-16',"yes"),
  (3,244,'2024-06-27','2024-07-07',"no"),
  (4,345,'2024-06-17','2024-07-15',"no"),
  (5,567,'2024-03-26','2024-04-30',"yes")
  ,(6,186,'2024-03-12','2024-04-23',"no"),
  (7,135,'2024-04-20','2024-05-25',"yes"),
  (8,456,'2024-02-18','2024-03-23',"yes"),
 (9, 987, '2024-05-21', '2024-05-28', "no"),
 (10, 654, '2024-06-11', '2024-06-18', "yes"),
(11, 321, '2024-04-15', '2024-04-22', "yes"),
(12, 456, '2024-07-01', '2024-07-08', "no"),
(13, 789, '2024-05-05', '2024-05-12', "no"),
(14, 123, '2024-03-27', '2024-04-03', "yes"),
(15, 567, '2024-06-15', '2024-06-22', "yes"),
(16, 234, '2024-08-03', '2024-08-10', "yes"),
(17, 890, '2024-04-25', '2024-05-02', "no"),
(18, 678, '2024-05-12', '2024-05-19', "no"),
(19, 432, '2024-07-08', '2024-07-15', "yes"),
(20, 901, '2024-05-01', '2024-05-08', "no"),
(21, 345, '2024-04-19', '2024-04-26', "yes"),
(22, 234, '2024-03-05', '2024-03-12', "yes"),
(23, 789, '2024-08-20', '2024-08-27', "no"),
(24, 456, '2024-06-02', '2024-06-09', "yes"),
(25, 123, '2024-07-11', '2024-07-18', "no"),
(26, 678, '2024-05-23', '2024-05-30', "no"),
(27, 901, '2024-04-06', '2024-04-13', "yes"),
(28, 345, '2024-06-07', '2024-06-14', "no"),
(29, 890, '2024-05-19', '2024-05-26', "no"),
(30, 321, '2024-07-23', '2024-07-30', "no");
  select * from library;
  create  table books(book_id int,book_title varchar(100),book_author varchar(100),publication_year int);
  insert into books values(987, "Artificial Intelligence", "Dr. Ramesh", 2023),
  (654, "Cybersecurity", "Dr. Anjali", 2020),
(321, "Quantum Computing", "Dr. Suresh", 2022),
(456, "Blockchain Technology", "Dr. Priya", 2021),
(789, "Machine Learning", "Dr. Karthik", 2023),
(123, "Cloud Computing", "Dr. Shalini", 2018),
(567, "Data Science", "Dr. Ravi", 2024),
(234, "Big Data Analytics", "Dr. Arun", 2019),
(890, "Internet of Things", "Dr. Meena", 2023),
(678, "Software Engineering", "Dr. Deepak", 2017),
(432, "Computer networks", "Dr. Arjun", 2019),
(901, "Deep Learning", "Dr. Neha", 2022),
(345, "Natural Language Processing", "Dr. Sneha", 2024),
(501, "Data Warehousing", "Dr. Vikram", 2024),
(157, "Software Testing", "Dr. Ayesha", 2021),
(378, "Robotics", "Dr. Vijay", 2024),
(337, "Ethical Hacking", "Dr. Harish", 2022),
(338, "Neural Networks", "Dr. Rahul", 2024),
(332, "Data Mining", "Dr. Nithya", 2019),
(257, "Algorithm Design", "Dr. Geetha", 2011);
select * from books;
drop table books;
  create table attendance(student_id int, working_days int, absent_count int,present_count int,OD_days int,percentage int);
  insert into attendance values(1, 50, 5, 45, 0, 90),
  (2, 50, 2, 48, 0, 96),
  (3, 50, 8, 42, 3, 85),
(4, 50, 20, 30, 5, 70),
(5, 50, 1, 49, 0, 98),
(6, 50, 6, 44, 0, 88),
(7, 50, 3, 47, 0, 94),
(8, 50, 10, 40, 0, 80),
(9, 50, 12, 38, 0, 76),
(10, 50, 14, 36, 0, 72),
(11, 50, 18, 32, 0, 64),
(12, 50, 22, 28, 0, 56),
(13, 50, 7, 43, 0, 86),
(14, 50, 16, 34, 0, 68),
(15, 50, 4, 46, 0, 92),
(16, 50, 1, 49, 0, 98),
(17, 50, 3, 47, 0, 94),
(18, 50, 9, 41, 0, 82),
(19, 50, 11, 39, 0, 78),
(20, 50, 2, 48, 0, 96),
(21, 50, 5, 45, 0, 90),
(22, 50, 0, 50, 0, 100),
(23, 50, 13, 37, 0, 74),
(24, 50, 15, 35, 0, 70),
(25, 50, 19, 31, 0, 62),
(26, 50, 21, 29, 0, 58),
(27, 50, 8, 42, 0, 84),
(28, 50, 6, 44, 0, 88),
(29, 50, 10, 40, 0, 80),
(30, 50, 17, 33, 0, 66);
select * from attendance;
create table timing(student_id int, date date ,entry_time time,exit_time time);
insert into timing values(1, '2024-07-25', '09:15:00', '04:45:00'),
(2, '2024-07-28', '09:10:00', '05:00:00'),
(3, '2024-08-01', '08:45:00', '04:30:00'),
(4, '2024-08-03', '09:00:00', '05:00:00'),
(5, '2024-07-30', '09:20:00', '04:55:00'),
(6, '2024-08-02', '09:10:00', '05:00:00'),
(7, '2024-08-05', '09:05:00', '04:35:00'),
(8, '2024-07-26', '09:15:00', '04:50:00'),
(9, '2024-07-29', '09:05:00', '04:55:00'),
(10, '2024-07-31', '09:00:00', '04:45:00'),
(11, '2024-08-04', '09:05:00', '05:00:00'),
(12, '2024-08-06', '09:15:00', '04:30:00'),
(13, '2024-08-07', '09:10:00', '05:00:00'),
(14, '2024-08-08', '08:40:00', '04:55:00'),
(15, '2024-08-09', '09:15:00', '04:50:00'),
(16, '2024-07-24', '08:40:00', '05:00:00'),
(17, '2024-07-22', '09:15:00', '04:45:00'),
(18, '2024-07-20', '08:45:00', '04:55:00'),
(19, '2024-08-10', '08:50:00', '05:00:00'),
(20, '2024-08-11', '09:05:00', '04:40:00'),
(21, '2024-08-12', '09:15:00', '04:50:00'),
(22, '2024-07-23', '09:10:00', '04:55:00'),
(23, '2024-07-21', '09:10:00', '05:00:00'),
(24, '2024-08-13', '09:15:00', '04:45:00'),
(25, '2024-08-14', '09:05:00', '04:35:00'),
(26, '2024-08-15', '08:45:00', '04:55:00'),
(27, '2024-08-16', '09:00:00', '05:00:00'),
(28, '2024-08-17', '09:10:00', '04:50:00'),
(29, '2024-08-18', '09:20:00', '05:00:00'),
(30, '2024-08-19', '08:40:00', '04:45:00');
select * from timing;
SELECT s.ID, s.name, s.year, s.department, f.total_fees, f.paid_amount, f.status 
FROM students s JOIN fees f ON s.ID = f.student_id WHERE f.status = 'pending';
SELECT students.ID, students.name, students.department, library.book_id, library.issue_date, library.return_date,library.submitted
FROM students JOIN library ON students.ID = library.student_id WHERE library.submitted = 'no';
SELECT s.ID,s.name,t.date,t.entry_time,t.exit_time
FROM students s JOIN timing t ON s.ID = t.student_id WHERE t.entry_time > '09:10:00';
SELECT s.ID, s.name, a.percentage,s.department
FROM students s JOIN attendance a ON s.ID = a.student_id WHERE a.percentage > 80;